pattern,tag
How do I transfer credits from another university?,cecs
How do I set up my transfer credits?,cecs
How do I make my transfer credits count?,cecs
Do transfer credits count?,cecs
How do I make transfer credits count towards my degree?,cecs
What do I do if my transfer credits are not showing up on my UCF transcript?,cecs
My transfer credits are not showing up on my transcript.,cecs
What if my transfer credits do not show up?,cecs
Who do I talk to if my transfer credits are not being counted?,cecs
My transfer courses seem to not be counting toward my degree.,cecs
How do I sign up to take a transient course?,cecs
How do I enroll in transient classes?,cecs
I want to take a transiet class?,cecs
How do I take a course with another university?,cecs
How do I know if a transient course meets my degree requirements?,cecs
What is the Accelerated BS-to-MS Program?,cecs
What is the BS-to-MS program?,cecs
What is the BS-MS program?,cecs
What is the BS to MS Accelerated Program?,cecs
What is the 5 Year BS to MS program?,cecs
How do I sign up for the Accelerated BS-to-MS Program?,cecs
How do I enroll in the BS-to-MS program?,cecs
How do I sign up for the BS MS program?,cecs
How do I get into the 5 Year BS-to-MS accelerated program?,cecs
How do I sign up for the BS to MS accelerated program?,cecs
Am I eligible for the Accelerated BS-to-MS-Program?,cecs
How do I check if I am eligible to sign up for the BS to MS program?,cecs
What are the eligibility requirements to sign up for the 5 Year Accelerated BS MS program?,cecs
Can I sign up for the BS-to-MS program?,cecs
How do I check if I can enroll in the Accelerated BS-to-MS program?,cecs
How do I fill out the Plan of Study form for the Accelerated BS-to-MS Program?,cecs
How do I fill out the Plan of Study form for the BS to MS program?,cecs
Where do I find the BS to MS Plan of Study form?,cecs
How do I complete the Plan of Study form for the Accelerated BS MS program?,cecs
How do I complete the BS to MS Plan of Study form?,cecs
How do I update the Plan of Study form for the Accelerated BS-to-MS Program?,cecs
How do I update the Plan of Study form for the BS to MS program?,cecs
Where do I update the BS to MS Plan of Study form?,cecs
How do I update the Plan of Study form for the Accelerated BS MS program?,cecs
How do I update the BS to MS Plan of Study form?,cecs
Which majors are in the Accelerated BS-to-MS Program?,cecs
What are the available majors in the BS to MS program,cecs
What majors can I take through the Accelerated BS-MS program?,cecs
What are the available paths in the 5 year BS to MS program?,cecs
What majors are available in the BS-MS program?,cecs
How do I enroll in a graduate course as an undergraduate student?,cecs
How do I get into a grad class?,cecs
I can't sign up for a grad class. How do I enroll?,cecs
How do I sign up for a graduate class as an undergrad?,cecs
How do I get an override into a grad class as an undergrad?,cecs
How do I get a course override form to get into a graduate course as an undergraduate student?,cecs
Where do I find a course override form for grad classes?,cecs
How do I fill out a course override form to get into a grad class as an undergrad?,cecs
How do I complete a course override into a graduate course?,cecs
How do I have a course override form signed to get into a grad class?,cecs
What is the Department of Computer Science?,cecs-csit
What is the Department of CS?,cecs-csit
What is the CS Department?,cecs-csit
What is the Computer Science Department?,cecs-csit
What is the CS Dept.?,cecs-csit
What majors does the Department of Computer Science offer?,cecs-csit
What are the majors in the CS department?,cecs-csit
What majors are offered by the Computer Science Department?,cecs-csit
What are the majors run by the Computer Science Department?,cecs-csit
What majors does the CS department offer?,cecs-csit
What is the mission of the Department of Computer Science?,cecs-csit
What is the mission of the CS department?,cecs-csit
Does the CS department have a mission?,cecs-csit
What is the Computer Science Department's mission?,cecs-csit
What is the CS department's main mission?,cecs-csit
What is the computer science minor?,cecs-csit
What is the CS minor?,cecs-csit
What does the CS minor entail?,cecs-csit
What does the computer science minor entail?,cecs-csit
Is there a computer science minor?,cecs-csit
What are the requirements for the computer science minor?,cecs-csit
What classes do I need to take in the computer science minor?,cecs-csit
What classes do I need to complete the CS minor?,cecs-csit
What courses are part of the CS minor?,cecs-csit
What are the required courses in the computer science minor?,cecs-csit
Can I susbtitute courses in the computer science minor?,cecs-csit
Can I make a course substitution in the CS minor?,cecs-csit
Can I take a different course in the computer science minor?,cecs-csit
Can I change a course requirement in the CS minor?,cecs-csit
Can I change a course requirement for an elective in the computer science minor?,cecs-csit
How do I sign up for a computer science minor?,cecs-csit
How do I enroll in the CS minor?,cecs-csit
What is the process to sign up to have a computer science minor?,cecs-csit
What is the process to sign up for the CS minor?,cecs-csit
What do I have to do to sign up for a computer science minor?,cecs-csit
Am I eligible for a computer science minor?,cecs-csit
How do I check if I am eligible to have a CS minor?,cecs-csit
What are the eligibility requirements to take a computer science minor?,cecs-csit
Can I take a CS minor?,cecs-csit
How do I check if I can take a computer science minor?,cecs-csit
How many credit hours is the computer science minor?,cecs-csit
How many classes make up a CS minor?,cecs-csit
How many credits do I need to have a computer science minor?,cecs-csit
What is the number of credit hours in the CS minor?,cecs-csit
How many courses does it take to get a minor in computer science?,cecs-csit
What is the information technology minor?,cecs-csit
How many classes make up an IT minor?,cecs-csit
How many credits do I need to have an information technology minor?,cecs-csit
What is the number of credit hours in the IT minor?,cecs-csit
How many courses does it take to get a minor in information technology?,cecs-csit
What are the requirements for the information technology minor?,cecs-csit
What classes do I need to take in the information technology minor?,cecs-csit
What classes do I need to complete the IT minor?,cecs-csit
What courses are part of the IT minor?,cecs-csit
What are the required courses in the information technology minor?,cecs-csit
Can I susbtitute courses in the information technology minor?,cecs-csit
Can I make a course substitution in the IT minor?,cecs-csit
Can I take a different course in the information technology minor?,cecs-csit
Can I change a course requirement in the IT minor?,cecs-csit
Can I change a course requirement for an elective in the information technology minor?,cecs-csit
How do I sign up for an information technology minor?,cecs-csit
How do I enroll in the IT minor?,cecs-csit
What is the process to sign up to have a information technology minor?,cecs-csit
What is the process to sign up for the IT minor?,cecs-csit
What do I have to do to sign up for a information technology minor?,cecs-csit
Am I eligible for an information technology minor?,cecs-csit
How do I check if I am eligible to have an IT minor?,cecs-csit
What are the eligibility requirements to take an information technology minor?,cecs-csit
Can I take an IT minor?,cecs-csit
How do I check if I can take an information technology minor?,cecs-csit
How many credit hours is the information technology minor?,cecs-csit
How many classes make up an IT minor?,cecs-csit
How many credits do I need to have an information technology minor?,cecs-csit
What is the number of credit hours in the IT minor?,cecs-csit
How many courses does it take to get a minor in information technology?,cecs-csit
What is the computer science major?,cecs-csit
What is the CS major?,cecs-csit
What does the CS major entail?,cecs-csit
What does the computer science minor major?,cecs-csit
Is there a computer science major?,cecs-csit
How many credit hours is the computer science major?,cecs-csit
How many classes make up a CS major?,cecs-csit
How many credits do I need to have a computer science major?,cecs-csit
What is the number of credit hours in the CS major?,cecs-csit
How many courses does it take to get a major in computer science?,cecs-csit
What are the requirements for the computer science major?,cecs-csit
What classes do I need to take in the computer science major?,cecs-csit
What classes do I need to complete the CS major?,cecs-csit
What courses are part of the CS major?,cecs-csit
What are the required courses in the computer science major?,cecs-csit
What is the CS Foundation Exam?,cecs-csit
What is the Computer Science Foundation Exam?,cecs-csit
What is the Foundation Exam in the CS major?,cecs-csit
What is the FE for Computer Science students?,cecs-csit
What is the Computer Science FE?,cecs-csit
How do I sign up for the CS Foundation Exam?,cecs-csit
How do I enroll in the CS Foundation Exam?,cecs-csit
What is the process to sign up for the Computer Science FE exam?,cecs-csit
What is the process to sign up for the Computer Science Foundation Exam?,cecs-csit
What do I have to do to sign up for the CS Foundation Exam?,cecs-csit
Am I eligible to take the CS Foundation Exam?,cecs-csit
How do I check if I am eligible to take the Computer Science FE exam?,cecs-csit
What are the eligibility requirements to take the Computer Science Foundation Exam?,cecs-csit
Can I take CS Foundation Exam?,cecs-csit
How do I check if I can take the Computer Science Foundation Exam?,cecs-csit
What do I do once I pass the CS Foundation Exam?,cecs-csit
"Once I pass the Computer Science foundation, what are the next steps?",cecs-csit
What are the next steps after passing the CS Foundation Exam?,cecs-csit
What do I do once I pass the Computer Science FE exam?,cecs-csit
"Once I pass the CS Foundation Exam, what do I do?",cecs-csit
Can I take a computer science course if I am not a computer science major?,cecs-csit
Can I take a CS class if I'm not a CS major?,cecs-csit
Are CS courses only for CS majors?,cecs-csit
Are computer science courses available to non-CS majors?,cecs-csit
Can I take a CS course not being a computer science major?,cecs-csit
Does CHS 1440 count as a science restricted elective in the computer science major?,cecs-csit
Does the CHS 1440 chemistry course count in the CS major?,cecs-csit
Does Principles of Chemistry count for the CS major?,cecs-csit
Does the Principles of Chemistry class meet the computer science major requirements?,cecs-csit
Can I use the CHS 1440 course to fulfull the CS major requirements?,cecs-csit
Can I take a graduate-level course in place of an advanced-level core requirement in the computer science major?,cecs-csit
Can I take a CS grad course as an undergrad?,cecs-csit
Does a computer science graduate class count for the computer science major?,cecs-csit
Do grad classes count as advanced CS electives?,cecs-csit
Can I take a graduate-level class instead of a computer science tech elective?,cecs-csit
What is the information technology major?,cecs-csit
What is the IT major?,cecs-csit
What does the IT major entail?,cecs-csit
What does the information technology minor major?,cecs-csit
Is there an information technology major?,cecs-csit
How many credit hours is the information technology major?,cecs-csit
How many classes make up a IT major?,cecs-csit
How many credits do I need to have an information technologymajor?,cecs-csit
What is the number of credit hours in the IT major?,cecs-csit
How many courses does it take to get a major in information technology?,cecs-csit
What are the requirements for the information technology major?,cecs-csit
What classes do I need to take in the information technology major?,cecs-csit
What classes do I need to complete the IT major?,cecs-csit
What courses are part of the IT major?,cecs-csit
What are the required courses in the information technology major?,cecs-csit
What are the research areas in the Department of Computer Science?,cecs-csit
What areas does the CS department cover?,cecs-csit
What are the areas of study in the Computer Science Department?,cecs-csit
What research areas are available in the CS department?,cecs-csit
Which research areas are available through the Department of Computer Science?,cecs-csit
Who is my undergraduate advisor?,cecs-csit
Who is my advisor?,cecs-csit
I don't know who my advisor is.,cecs-csit
I don't know who my undergraduate advisor is.,cecs-csit
How do I know who my advisor is?,cecs-csit
Where is the CS Undergraduate Acadamic Advising Office?,cecs-csit
Where is the Computer Science Advising Office?,cecs-csit
Where is the CS office of advising?,cecs-csit
Where can I find the CS Advising Office?,cecs-csit
Where do I find the Computer Science Undergraduate Academic Advising Office?,cecs-csit
How do I contact the CS Undergraduate Acadamic Advising Office?,cecs-csit
How do I contact the Computer Science Advising Office?,cecs-csit
How do I contact my advisor?,cecs-csit
How do I contact the CS office of advising?,cecs-csit
I don't know how to contact my undergraduate advisor.,cecs-csit
What are the hours for the CS Undergraduate Acadamic Advising Office?,cecs-csit
What are the hours of the Computer Science Advising Office?,cecs-csit
When does the CS Undergraduate Advising Office open?,cecs-csit
When does the CS Undergraduate Advising Office close?,cecs-csit
At what time does the CS office of advising open and close?,cecs-csit
Is there an in-major GPA for the computer science major?,cecs-csit
Does the CS major have a major GPA?,cecs-csit
What is my major GPA in computer science?,cecs-csit
What is my CS major GPA?,cecs-csit
How do I find my computer science in-major GPA?,cecs-csit
Is there an in-major GPA for the information technology major?,cecs-csit
Does the IT major have a major GPA?,cecs-csit
What is my major GPA in information technology?,cecs-csit
What is my IT major GPA?,cecs-csit
How do I find my information technology in-major GPA?,cecs-csit
Do I need to take the CS Foundation Exam?,cecs-csit
How do I know if I need to take the Computer Science Foundation Exam?,cecs-csit
How do I check if I am ready to take the Computer Science FE?,cecs-csit
Do I need to take the Computer Science Foundation Exam?,cecs-csit
Do I need to take the foundation exam?,cecs-csit