entity,patterns
cecs,How do I transfer credits from another university?
cecs,How do I set up my transfer credits?
cecs,How do I make my transfer credits count?
cecs,Do transfer credits count?
cecs,How do I make transfer credits count towards my degree?
cecs,What do I do if my transfer credits are not showing up on my UCF transcript?
cecs,My transfer credits are not showing up on my transcript.
cecs,What if my transfer credits do not show up?
cecs,Who do I talk to if my transfer credits are not being counted?
cecs,My transfer courses seem to not be counting toward my degree.
cecs,How do I sign up to take a transient course?
cecs,How do I enroll in transient classes?
cecs,I want to take a transiet class?
cecs,How do I take a course with another university?
cecs,How do I know if a transient course meets my degree requirements?
cecs,What is the Accelerated BS-to-MS Program?
cecs,What is the BS-to-MS program?
cecs,What is the BS-MS program?
cecs,What is the BS to MS Accelerated Program?
cecs,What is the 5 Year BS to MS program?
cecs,How do I sign up for the Accelerated BS-to-MS Program?
cecs,How do I enroll in the BS-to-MS program?
cecs,How do I sign up for the BS MS program?
cecs,How do I get into the 5 Year BS-to-MS accelerated program?
cecs,How do I sign up for the BS to MS accelerated program?
cecs,Am I eligible for the Accelerated BS-to-MS-Program?
cecs,How do I check if I am eligible to sign up for the BS to MS program?
cecs,What are the eligibility requirements to sign up for the 5 Year Accelerated BS MS program?
cecs,Can I sign up for the BS-to-MS program?
cecs,How do I check if I can enroll in the Accelerated BS-to-MS program?
cecs,How do I fill out the Plan of Study form for the Accelerated BS-to-MS Program?
cecs,How do I fill out the Plan of Study form for the BS to MS program?
cecs,Where do I find the BS to MS Plan of Study form?
cecs,How do I complete the Plan of Study form for the Accelerated BS MS program?
cecs,How do I complete the BS to MS Plan of Study form?
cecs,How do I update the Plan of Study form for the Accelerated BS-to-MS Program?
cecs,How do I update the Plan of Study form for the BS to MS program?
cecs,Where do I update the BS to MS Plan of Study form?
cecs,How do I update the Plan of Study form for the Accelerated BS MS program?
cecs,How do I update the BS to MS Plan of Study form?
cecs,Which majors are in the Accelerated BS-to-MS Program?
cecs,What are the available majors in the BS to MS program
cecs,What majors can I take through the Accelerated BS-MS program?
cecs,What are the available paths in the 5 year BS to MS program?
cecs,What majors are available in the BS-MS program?
cecs,How do I enroll in a graduate course as an undergraduate student?
cecs,How do I get into a grad class?
cecs,I can't sign up for a grad class. How do I enroll?
cecs,How do I sign up for a graduate class as an undergrad?
cecs,How do I get an override into a grad class as an undergrad?
cecs,How do I get a course override form to get into a graduate course as an undergraduate student?
cecs,Where do I find a course override form for grad classes?
cecs,How do I fill out a course override form to get into a grad class as an undergrad?
cecs,How do I complete a course override into a graduate course?
cecs,How do I have a course override form signed to get into a grad class?
cecs-csit,What is the Department of Computer Science?
cecs-csit,What is the Department of CS?
cecs-csit,What is the CS Department?
cecs-csit,What is the Computer Science Department?
cecs-csit,What is the CS Dept.?
cecs-csit,What majors does the Department of Computer Science offer?
cecs-csit,What are the majors in the CS department?
cecs-csit,What majors are offered by the Computer Science Department?
cecs-csit,What are the majors run by the Computer Science Department?
cecs-csit,What majors does the CS department offer?
cecs-csit,What is the mission of the Department of Computer Science?
cecs-csit,What is the mission of the CS department?
cecs-csit,Does the CS department have a mission?
cecs-csit,What is the Computer Science Department's mission?
cecs-csit,What is the CS department's main mission?
cecs-csit,What is the computer science minor?
cecs-csit,What is the CS minor?
cecs-csit,What does the CS minor entail?
cecs-csit,What does the computer science minor entail?
cecs-csit,Is there a computer science minor?
cecs-csit,What are the requirements for the computer science minor?
cecs-csit,What classes do I need to take in the computer science minor?
cecs-csit,What classes do I need to complete the CS minor?
cecs-csit,What courses are part of the CS minor?
cecs-csit,What are the required courses in the computer science minor?
cecs-csit,Can I susbtitute courses in the computer science minor?
cecs-csit,Can I make a course substitution in the CS minor?
cecs-csit,Can I take a different course in the computer science minor?
cecs-csit,Can I change a course requirement in the CS minor?
cecs-csit,Can I change a course requirement for an elective in the computer science minor?
cecs-csit,How do I sign up for a computer science minor?
cecs-csit,How do I enroll in the CS minor?
cecs-csit,What is the process to sign up to have a computer science minor?
cecs-csit,What is the process to sign up for the CS minor?
cecs-csit,What do I have to do to sign up for a computer science minor?
cecs-csit,Am I eligible for a computer science minor?
cecs-csit,How do I check if I am eligible to have a CS minor?
cecs-csit,What are the eligibility requirements to take a computer science minor?
cecs-csit,Can I take a CS minor?
cecs-csit,How do I check if I can take a computer science minor?
cecs-csit,How many credit hours is the computer science minor?
cecs-csit,How many classes make up a CS minor?
cecs-csit,How many credits do I need to have a computer science minor?
cecs-csit,What is the number of credit hours in the CS minor?
cecs-csit,How many courses does it take to get a minor in computer science?
cecs-csit,What is the information technology minor?
cecs-csit,How many classes make up an IT minor?
cecs-csit,How many credits do I need to have an information technology minor?
cecs-csit,What is the number of credit hours in the IT minor?
cecs-csit,How many courses does it take to get a minor in information technology?
cecs-csit,What are the requirements for the information technology minor?
cecs-csit,What classes do I need to take in the information technology minor?
cecs-csit,What classes do I need to complete the IT minor?
cecs-csit,What courses are part of the IT minor?
cecs-csit,What are the required courses in the information technology minor?
cecs-csit,Can I susbtitute courses in the information technology minor?
cecs-csit,Can I make a course substitution in the IT minor?
cecs-csit,Can I take a different course in the information technology minor?
cecs-csit,Can I change a course requirement in the IT minor?
cecs-csit,Can I change a course requirement for an elective in the information technology minor?
cecs-csit,How do I sign up for an information technology minor?
cecs-csit,How do I enroll in the IT minor?
cecs-csit,What is the process to sign up to have a information technology minor?
cecs-csit,What is the process to sign up for the IT minor?
cecs-csit,What do I have to do to sign up for a information technology minor?
cecs-csit,Am I eligible for an information technology minor?
cecs-csit,How do I check if I am eligible to have an IT minor?
cecs-csit,What are the eligibility requirements to take an information technology minor?
cecs-csit,Can I take an IT minor?
cecs-csit,How do I check if I can take an information technology minor?
cecs-csit,How many credit hours is the information technology minor?
cecs-csit,How many classes make up an IT minor?
cecs-csit,How many credits do I need to have an information technology minor?
cecs-csit,What is the number of credit hours in the IT minor?
cecs-csit,How many courses does it take to get a minor in information technology?
cecs-csit,What is the computer science major?
cecs-csit,What is the CS major?
cecs-csit,What does the CS major entail?
cecs-csit,What does the computer science minor major?
cecs-csit,Is there a computer science major?
cecs-csit,How many credit hours is the computer science major?
cecs-csit,How many classes make up a CS major?
cecs-csit,How many credits do I need to have a computer science major?
cecs-csit,What is the number of credit hours in the CS major?
cecs-csit,How many courses does it take to get a major in computer science?
cecs-csit,What are the requirements for the computer science major?
cecs-csit,What classes do I need to take in the computer science major?
cecs-csit,What classes do I need to complete the CS major?
cecs-csit,What courses are part of the CS major?
cecs-csit,What are the required courses in the computer science major?
cecs-csit,What is the CS Foundation Exam?
cecs-csit,What is the Computer Science Foundation Exam?
cecs-csit,What is the Foundation Exam in the CS major?
cecs-csit,What is the FE for Computer Science students?
cecs-csit,What is the Computer Science FE?
cecs-csit,How do I sign up for the CS Foundation Exam?
cecs-csit,How do I enroll in the CS Foundation Exam?
cecs-csit,What is the process to sign up for the Computer Science FE exam?
cecs-csit,What is the process to sign up for the Computer Science Foundation Exam?
cecs-csit,What do I have to do to sign up for the CS Foundation Exam?
cecs-csit,Am I eligible to take the CS Foundation Exam?
cecs-csit,How do I check if I am eligible to take the Computer Science FE exam?
cecs-csit,What are the eligibility requirements to take the Computer Science Foundation Exam?
cecs-csit,Can I take CS Foundation Exam?
cecs-csit,How do I check if I can take the Computer Science Foundation Exam?
cecs-csit,What do I do once I pass the CS Foundation Exam?
cecs-csit,"Once I pass the Computer Science foundation, what are the next steps?"
cecs-csit,What are the next steps after passing the CS Foundation Exam?
cecs-csit,What do I do once I pass the Computer Science FE exam?
cecs-csit,"Once I pass the CS Foundation Exam, what do I do?"
cecs-csit,Can I take a computer science course if I am not a computer science major?
cecs-csit,Can I take a CS class if I'm not a CS major?
cecs-csit,Are CS courses only for CS majors?
cecs-csit,Are computer science courses available to non-CS majors?
cecs-csit,Can I take a CS course not being a computer science major?
cecs-csit,Does CHS 1440 count as a science restricted elective in the computer science major?
cecs-csit,Does the CHS 1440 chemistry course count in the CS major?
cecs-csit,Does Principles of Chemistry count for the CS major?
cecs-csit,Does the Principles of Chemistry class meet the computer science major requirements?
cecs-csit,Can I use the CHS 1440 course to fulfull the CS major requirements?
cecs-csit,Can I take a graduate-level course in place of an advanced-level core requirement in the computer science major?
cecs-csit,Can I take a CS grad course as an undergrad?
cecs-csit,Does a computer science graduate class count for the computer science major?
cecs-csit,Do grad classes count as advanced CS electives?
cecs-csit,Can I take a graduate-level class instead of a computer science tech elective?
cecs-csit,What is the information technology major?
cecs-csit,What is the IT major?
cecs-csit,What does the IT major entail?
cecs-csit,What does the information technology minor major?
cecs-csit,Is there an information technology major?
cecs-csit,How many credit hours is the information technology major?
cecs-csit,How many classes make up a IT major?
cecs-csit,How many credits do I need to have an information technologymajor?
cecs-csit,What is the number of credit hours in the IT major?
cecs-csit,How many courses does it take to get a major in information technology?
cecs-csit,What are the requirements for the information technology major?
cecs-csit,What classes do I need to take in the information technology major?
cecs-csit,What classes do I need to complete the IT major?
cecs-csit,What courses are part of the IT major?
cecs-csit,What are the required courses in the information technology major?
cecs-csit,What are the research areas in the Department of Computer Science?
cecs-csit,What areas does the CS department cover?
cecs-csit,What are the areas of study in the Computer Science Department?
cecs-csit,What research areas are available in the CS department?
cecs-csit,Which research areas are available through the Department of Computer Science?
cecs-csit,Who is my undergraduate advisor?
cecs-csit,Who is my advisor?
cecs-csit,I don't know who my advisor is.
cecs-csit,I don't know who my undergraduate advisor is.
cecs-csit,How do I know who my advisor is?
cecs-csit,Where is the CS Undergraduate Acadamic Advising Office?
cecs-csit,Where is the Computer Science Advising Office?
cecs-csit,Where is the CS office of advising?
cecs-csit,Where can I find the CS Advising Office?
cecs-csit,Where do I find the Computer Science Undergraduate Academic Advising Office?
cecs-csit,How do I contact the CS Undergraduate Acadamic Advising Office?
cecs-csit,How do I contact the Computer Science Advising Office?
cecs-csit,How do I contact my advisor?
cecs-csit,How do I contact the CS office of advising?
cecs-csit,I don't know how to contact my undergraduate advisor.
cecs-csit,What are the hours for the CS Undergraduate Acadamic Advising Office?
cecs-csit,What are the hours of the Computer Science Advising Office?
cecs-csit,When does the CS Undergraduate Advising Office open?
cecs-csit,When does the CS Undergraduate Advising Office close?
cecs-csit,At what time does the CS office of advising open and close?
cecs-csit,Is there an in-major GPA for the computer science major?
cecs-csit,Does the CS major have a major GPA?
cecs-csit,What is my major GPA in computer science?
cecs-csit,What is my CS major GPA?
cecs-csit,How do I find my computer science in-major GPA?
cecs-csit,Is there an in-major GPA for the information technology major?
cecs-csit,Does the IT major have a major GPA?
cecs-csit,What is my major GPA in information technology?
cecs-csit,What is my IT major GPA?
cecs-csit,How do I find my information technology in-major GPA?
cecs-csit,Do I need to take the CS Foundation Exam?
cecs-csit,How do I know if I need to take the Computer Science Foundation Exam?
cecs-csit,How do I check if I am ready to take the Computer Science FE?
cecs-csit,Do I need to take the Computer Science Foundation Exam?
cecs-csit,Do I need to take the foundation exam?
about,What is the Department of Computer Science?
about,What is the Department of CS?
about,What is the CS Department?
about,What is the Computer Science Department?
about,What is the CS Dept.?
about,What majors does the Department of Computer Science offer?
about,What are the majors in the CS department?
about,What majors are offered by the Computer Science Department?
about,What are the majors run by the Computer Science Department?
about,What majors does the CS department offer?
about,What is the mission of the Department of Computer Science?
about,What is the mission of the CS department?
about,Does the CS department have a mission?
about,What is the Computer Science Department's mission?
about,What is the CS department's main mission?
bs-to-ms,What is the Accelerated BS-to-MS Program?
bs-to-ms,What is the BS-to-MS program?
bs-to-ms,What is the BS-MS program?
bs-to-ms,What is the BS to MS Accelerated Program?
bs-to-ms,What is the 5 Year BS to MS program?
bs-to-ms,How do I sign up for the Accelerated BS-to-MS Program?
bs-to-ms,How do I enroll in the BS-to-MS program?
bs-to-ms,How do I sign up for the BS MS program?
bs-to-ms,How do I get into the 5 Year BS-to-MS accelerated program?
bs-to-ms,How do I sign up for the BS to MS accelerated program?
bs-to-ms,Am I eligible for the Accelerated BS-to-MS-Program?
bs-to-ms,How do I check if I am eligible to sign up for the BS to MS program?
bs-to-ms,What are the eligibility requirements to sign up for the 5 Year Accelerated BS MS program?
bs-to-ms,Can I sign up for the BS-to-MS program?
bs-to-ms,How do I check if I can enroll in the Accelerated BS-to-MS program?
bs-to-ms,How do I fill out the Plan of Study form for the Accelerated BS-to-MS Program?
bs-to-ms,How do I fill out the Plan of Study form for the BS to MS program?
bs-to-ms,Where do I find the BS to MS Plan of Study form?
bs-to-ms,How do I complete the Plan of Study form for the Accelerated BS MS program?
bs-to-ms,How do I complete the BS to MS Plan of Study form?
bs-to-ms,How do I update the Plan of Study form for the Accelerated BS-to-MS Program?
bs-to-ms,How do I update the Plan of Study form for the BS to MS program?
bs-to-ms,Where do I update the BS to MS Plan of Study form?
bs-to-ms,How do I update the Plan of Study form for the Accelerated BS MS program?
bs-to-ms,How do I update the BS to MS Plan of Study form?
bs-to-ms,Which majors are in the Accelerated BS-to-MS Program?
bs-to-ms,What are the available majors in the BS to MS program
bs-to-ms,What majors can I take through the Accelerated BS-MS program?
bs-to-ms,What are the available paths in the 5 year BS to MS program?
bs-to-ms,What majors are available in the BS-MS program?
foundation-exam,What is the CS Foundation Exam?
foundation-exam,What is the Computer Science Foundation Exam?
foundation-exam,What is the Foundation Exam in the CS major?
foundation-exam,What is the FE for Computer Science students?
foundation-exam,What is the Computer Science FE?
foundation-exam,How do I sign up for the CS Foundation Exam?
foundation-exam,How do I enroll in the CS Foundation Exam?
foundation-exam,What is the process to sign up for the Computer Science FE exam?
foundation-exam,What is the process to sign up for the Computer Science Foundation Exam?
foundation-exam,What do I have to do to sign up for the CS Foundation Exam?
foundation-exam,Am I eligible to take the CS Foundation Exam?
foundation-exam,How do I check if I am eligible to take the Computer Science FE exam?
foundation-exam,What are the eligibility requirements to take the Computer Science Foundation Exam?
foundation-exam,Can I take CS Foundation Exam?
foundation-exam,How do I check if I can take the Computer Science Foundation Exam?
foundation-exam,What do I do once I pass the CS Foundation Exam?
foundation-exam,"Once I pass the Computer Science foundation, what are the next steps?"
foundation-exam,What are the next steps after passing the CS Foundation Exam?
foundation-exam,What do I do once I pass the Computer Science FE exam?
foundation-exam,"Once I pass the CS Foundation Exam, what do I do?"
foundation-exam,Do I need to take the CS Foundation Exam?
foundation-exam,How do I know if I need to take the Computer Science Foundation Exam?
foundation-exam,How do I check if I am ready to take the Computer Science FE?
foundation-exam,Do I need to take the Computer Science Foundation Exam?
foundation-exam,Do I need to take the foundation exam?
major-cs,What is the computer science major?
major-cs,What is the CS major?
major-cs,What does the CS major entail?
major-cs,What does the computer science minor major?
major-cs,Is there a computer science major?
major-cs,How many credit hours is the computer science major?
major-cs,How many classes make up a CS major?
major-cs,How many credits do I need to have a computer science major?
major-cs,What is the number of credit hours in the CS major?
major-cs,How many courses does it take to get a major in computer science?
major-cs,What are the requirements for the computer science major?
major-cs,What classes do I need to take in the computer science major?
major-cs,What classes do I need to complete the CS major?
major-cs,What courses are part of the CS major?
major-cs,What are the required courses in the computer science major?
major-cs,Can I take a computer science course if I am not a computer science major?
major-cs,Can I take a CS class if I'm not a CS major?
major-cs,Are CS courses only for CS majors?
major-cs,Are computer science courses available to non-CS majors?
major-cs,Can I take a CS course not being a computer science major?
major-cs,Does CHS 1440 count as a science restricted elective in the computer science major?
major-cs,Does the CHS 1440 chemistry course count in the CS major?
major-cs,Does Principles of Chemistry count for the CS major?
major-cs,Does the Principles of Chemistry class meet the computer science major requirements?
major-cs,Can I use the CHS 1440 course to fulfull the CS major requirements?
major-cs,Can I take a graduate-level course in place of an advanced-level core requirement in the computer science major?
major-cs,Can I take a CS grad course as an undergrad?
major-cs,Does a computer science graduate class count for the computer science major?
major-cs,Do grad classes count as advanced CS electives?
major-cs,Can I take a graduate-level class instead of a computer science tech elective?
major-cs,Is there an in-major GPA for the computer science major?
major-cs,Does the CS major have a major GPA?
major-cs,What is my major GPA in computer science?
major-cs,What is my CS major GPA?
major-cs,How do I find my computer science in-major GPA?
major-it,What is the information technology major?
major-it,What is the IT major?
major-it,What does the IT major entail?
major-it,What does the information technology minor major?
major-it,Is there an information technology major?
major-it,How many credit hours is the information technology major?
major-it,How many classes make up a IT major?
major-it,How many credits do I need to have an information technologymajor?
major-it,What is the number of credit hours in the IT major?
major-it,How many courses does it take to get a major in information technology?
major-it,What are the requirements for the information technology major?
major-it,What classes do I need to take in the information technology major?
major-it,What classes do I need to complete the IT major?
major-it,What courses are part of the IT major?
major-it,What are the required courses in the information technology major?
major-it,Is there an in-major GPA for the information technology major?
major-it,Does the IT major have a major GPA?
major-it,What is my major GPA in information technology?
major-it,What is my IT major GPA?
major-it,How do I find my information technology in-major GPA?
minor-cs,What is the computer science minor?
minor-cs,What is the CS minor?
minor-cs,What does the CS minor entail?
minor-cs,What does the computer science minor entail?
minor-cs,Is there a computer science minor?
minor-cs,What are the requirements for the computer science minor?
minor-cs,What classes do I need to take in the computer science minor?
minor-cs,What classes do I need to complete the CS minor?
minor-cs,What courses are part of the CS minor?
minor-cs,What are the required courses in the computer science minor?
minor-cs,Can I susbtitute courses in the computer science minor?
minor-cs,Can I make a course substitution in the CS minor?
minor-cs,Can I take a different course in the computer science minor?
minor-cs,Can I change a course requirement in the CS minor?
minor-cs,Can I change a course requirement for an elective in the computer science minor?
minor-cs,How do I sign up for a computer science minor?
minor-cs,How do I enroll in the CS minor?
minor-cs,What is the process to sign up to have a computer science minor?
minor-cs,What is the process to sign up for the CS minor?
minor-cs,What do I have to do to sign up for a computer science minor?
minor-cs,Am I eligible for a computer science minor?
minor-cs,How do I check if I am eligible to have a CS minor?
minor-cs,What are the eligibility requirements to take a computer science minor?
minor-cs,Can I take a CS minor?
minor-cs,How do I check if I can take a computer science minor?
minor-cs,How many credit hours is the computer science minor?
minor-cs,How many classes make up a CS minor?
minor-cs,How many credits do I need to have a computer science minor?
minor-cs,What is the number of credit hours in the CS minor?
minor-cs,How many courses does it take to get a minor in computer science?
minor-it,What is the information technology minor?
minor-it,How many classes make up an IT minor?
minor-it,How many credits do I need to have an information technology minor?
minor-it,What is the number of credit hours in the IT minor?
minor-it,How many courses does it take to get a minor in information technology?
minor-it,What are the requirements for the information technology minor?
minor-it,What classes do I need to take in the information technology minor?
minor-it,What classes do I need to complete the IT minor?
minor-it,What courses are part of the IT minor?
minor-it,What are the required courses in the information technology minor?
minor-it,Can I susbtitute courses in the information technology minor?
minor-it,Can I make a course substitution in the IT minor?
minor-it,Can I take a different course in the information technology minor?
minor-it,Can I change a course requirement in the IT minor?
minor-it,Can I change a course requirement for an elective in the information technology minor?
minor-it,How do I sign up for an information technology minor?
minor-it,How do I enroll in the IT minor?
minor-it,What is the process to sign up to have a information technology minor?
minor-it,What is the process to sign up for the IT minor?
minor-it,What do I have to do to sign up for a information technology minor?
minor-it,Am I eligible for an information technology minor?
minor-it,How do I check if I am eligible to have an IT minor?
minor-it,What are the eligibility requirements to take an information technology minor?
minor-it,Can I take an IT minor?
minor-it,How do I check if I can take an information technology minor?
minor-it,How many credit hours is the information technology minor?
minor-it,How many classes make up an IT minor?
minor-it,How many credits do I need to have an information technology minor?
minor-it,What is the number of credit hours in the IT minor?
minor-it,How many courses does it take to get a minor in information technology?
research,What are the research areas in the Department of Computer Science?
research,What areas does the CS department cover?
research,What are the areas of study in the Computer Science Department?
research,What research areas are available in the CS department?
research,Which research areas are available through the Department of Computer Science?
transfer,How do I transfer credits from another university?
transfer,How do I set up my transfer credits?
transfer,How do I make my transfer credits count?
transfer,Do transfer credits count?
transfer,How do I make transfer credits count towards my degree?
transfer,What do I do if my transfer credits are not showing up on my UCF transcript?
transfer,My transfer credits are not showing up on my transcript.
transfer,What if my transfer credits do not show up?
transfer,Who do I talk to if my transfer credits are not being counted?
transfer,My transfer courses seem to not be counting toward my degree.
transient,How do I sign up to take a transient course?
transient,How do I enroll in transient classes?
transient,I want to take a transiet class?
transient,How do I take a course with another university?
transient,How do I know if a transient course meets my degree requirements?
undergrad-advising,Who is my undergraduate advisor?
undergrad-advising,Who is my advisor?
undergrad-advising,I don't know who my advisor is.
undergrad-advising,I don't know who my undergraduate advisor is.
undergrad-advising,How do I know who my advisor is?
undergrad-advising,Where is the CS Undergraduate Acadamic Advising Office?
undergrad-advising,Where is the Computer Science Advising Office?
undergrad-advising,Where is the CS office of advising?
undergrad-advising,Where can I find the CS Advising Office?
undergrad-advising,Where do I find the Computer Science Undergraduate Academic Advising Office?
undergrad-advising,How do I contact the CS Undergraduate Acadamic Advising Office?
undergrad-advising,How do I contact the Computer Science Advising Office?
undergrad-advising,How do I contact my advisor?
undergrad-advising,How do I contact the CS office of advising?
undergrad-advising,I don't know how to contact my undergraduate advisor.
undergrad-advising,What are the hours for the CS Undergraduate Acadamic Advising Office?
undergrad-advising,What are the hours of the Computer Science Advising Office?
undergrad-advising,When does the CS Undergraduate Advising Office open?
undergrad-advising,When does the CS Undergraduate Advising Office close?
undergrad-advising,At what time does the CS office of advising open and close?
undergrad-grad,How do I enroll in a graduate course as an undergraduate student?
undergrad-grad,How do I get into a grad class?
undergrad-grad,I can't sign up for a grad class. How do I enroll?
undergrad-grad,How do I sign up for a graduate class as an undergrad?
undergrad-grad,How do I get an override into a grad class as an undergrad?
undergrad-grad,How do I get a course override form to get into a graduate course as an undergraduate student?
undergrad-grad,Where do I find a course override form for grad classes?
undergrad-grad,How do I fill out a course override form to get into a grad class as an undergrad?
undergrad-grad,How do I complete a course override into a graduate course?
undergrad-grad,How do I have a course override form signed to get into a grad class?
areas,What are the research areas in the Department of Computer Science?
areas,What areas does the CS department cover?
areas,What are the areas of study in the Computer Science Department?
areas,What research areas are available in the CS department?
areas,Which research areas are available through the Department of Computer Science?
contact,How do I contact the CS Undergraduate Acadamic Advising Office?
contact,How do I contact the Computer Science Advising Office?
contact,How do I contact my advisor?
contact,How do I contact the CS office of advising?
contact,I don't know how to contact my undergraduate advisor.
course-subs,Can I susbtitute courses in the computer science minor?
course-subs,Can I make a course substitution in the CS minor?
course-subs,Can I take a different course in the computer science minor?
course-subs,Can I change a course requirement in the CS minor?
course-subs,Can I change a course requirement for an elective in the computer science minor?
course-subs,Can I susbtitute courses in the information technology minor?
course-subs,Can I make a course substitution in the IT minor?
course-subs,Can I take a different course in the information technology minor?
course-subs,Can I change a course requirement in the IT minor?
course-subs,Can I change a course requirement for an elective in the information technology minor?
credit-hours,How many credit hours is the computer science major?
credit-hours,How many classes make up a CS major?
credit-hours,How many credits do I need to have a computer science major?
credit-hours,What is the number of credit hours in the CS major?
credit-hours,How many courses does it take to get a major in computer science?
credit-hours,How many credit hours is the information technology major?
credit-hours,How many classes make up a IT major?
credit-hours,How many credits do I need to have an information technologymajor?
credit-hours,What is the number of credit hours in the IT major?
credit-hours,How many courses does it take to get a major in information technology?
credit-hours,How many credit hours is the computer science minor?
credit-hours,How many classes make up a CS minor?
credit-hours,How many credits do I need to have a computer science minor?
credit-hours,What is the number of credit hours in the CS minor?
credit-hours,How many courses does it take to get a minor in computer science?
credit-hours,How many credit hours is the information technology minor?
credit-hours,How many classes make up an IT minor?
credit-hours,How many credits do I need to have an information technology minor?
credit-hours,What is the number of credit hours in the IT minor?
credit-hours,How many courses does it take to get a minor in information technology?
credits,How do I transfer credits from another university?
credits,How do I set up my transfer credits?
credits,How do I make my transfer credits count?
credits,Do transfer credits count?
credits,How do I make transfer credits count towards my degree?
electives-chs1440,Does CHS 1440 count as a science restricted elective in the computer science major?
electives-chs1441,Does the CHS 1440 chemistry course count in the CS major?
electives-chs1442,Does Principles of Chemistry count for the CS major?
electives-chs1443,Does the Principles of Chemistry class meet the computer science major requirements?
electives-chs1444,Can I use the CHS 1440 course to fulfull the CS major requirements?
eligibility,Am I eligible for the Accelerated BS-to-MS-Program?
eligibility,How do I check if I am eligible to sign up for the BS to MS program?
eligibility,What are the eligibility requirements to sign up for the 5 Year Accelerated BS MS program?
eligibility,Can I sign up for the BS-to-MS program?
eligibility,How do I check if I can enroll in the Accelerated BS-to-MS program?
eligibility,Am I eligible to take the CS Foundation Exam?
eligibility,How do I check if I am eligible to take the Computer Science FE exam?
eligibility,What are the eligibility requirements to take the Computer Science Foundation Exam?
eligibility,Can I take CS Foundation Exam?
eligibility,How do I check if I can take the Computer Science Foundation Exam?
eligibility,Am I eligible for a computer science minor?
eligibility,How do I check if I am eligible to have a CS minor?
eligibility,What are the eligibility requirements to take a computer science minor?
eligibility,Can I take a CS minor?
eligibility,How do I check if I can take a computer science minor?
eligibility,Am I eligible for an information technology minor?
eligibility,How do I check if I am eligible to have an IT minor?
eligibility,What are the eligibility requirements to take an information technology minor?
eligibility,Can I take an IT minor?
eligibility,How do I check if I can take an information technology minor?
enroll,How do I enroll in a graduate course as an undergraduate student?
enroll,How do I get into a grad class?
enroll,I can't sign up for a grad class. How do I enroll?
enroll,How do I sign up for a graduate class as an undergrad?
enroll,How do I get an override into a grad class as an undergrad?
grad-courses,Can I take a graduate-level course in place of an advanced-level core requirement in the computer science major?
grad-courses,Can I take a CS grad course as an undergrad?
grad-courses,Does a computer science graduate class count for the computer science major?
grad-courses,Do grad classes count as advanced CS electives?
grad-courses,Can I take a graduate-level class instead of a computer science tech elective?
hours,What are the hours for the CS Undergraduate Acadamic Advising Office?
hours,What are the hours of the Computer Science Advising Office?
hours,When does the CS Undergraduate Advising Office open?
hours,When does the CS Undergraduate Advising Office close?
hours,At what time does the CS office of advising open and close?
major-gpa,Is there an in-major GPA for the computer science major?
major-gpa,Does the CS major have a major GPA?
major-gpa,What is my major GPA in computer science?
major-gpa,What is my CS major GPA?
major-gpa,How do I find my computer science in-major GPA?
major-gpa,Is there an in-major GPA for the information technology major?
major-gpa,Does the IT major have a major GPA?
major-gpa,What is my major GPA in information technology?
major-gpa,What is my IT major GPA?
major-gpa,How do I find my information technology in-major GPA?
majors,What majors does the Department of Computer Science offer?
majors,What are the majors in the CS department?
majors,What majors are offered by the Computer Science Department?
majors,What are the majors run by the Computer Science Department?
majors,What majors does the CS department offer?
majors,Which majors are in the Accelerated BS-to-MS Program?
majors,What are the available majors in the BS to MS program
majors,What majors can I take through the Accelerated BS-MS program?
majors,What are the available paths in the 5 year BS to MS program?
majors,What majors are available in the BS-MS program?
mission,What is the mission of the Department of Computer Science?
mission,What is the mission of the CS department?
mission,Does the CS department have a mission?
mission,What is the Computer Science Department's mission?
mission,What is the CS department's main mission?
need,Do I need to take the CS Foundation Exam?
need,How do I know if I need to take the Computer Science Foundation Exam?
need,How do I check if I am ready to take the Computer Science FE?
need,Do I need to take the Computer Science Foundation Exam?
need,Do I need to take the foundation exam?
non-majors,Can I take a computer science course if I am not a computer science major?
non-majors,Can I take a CS class if I'm not a CS major?
non-majors,Are CS courses only for CS majors?
non-majors,Are computer science courses available to non-CS majors?
non-majors,Can I take a CS course not being a computer science major?
not-showing,What do I do if my transfer credits are not showing up on my UCF transcript?
not-showing,My transfer credits are not showing up on my transcript.
not-showing,What if my transfer credits do not show up?
not-showing,Who do I talk to if my transfer credits are not being counted?
not-showing,My transfer courses seem to not be counting toward my degree.
override,How do I get a course override form to get into a graduate course as an undergraduate student?
override,Where do I find a course override form for grad classes?
override,How do I fill out a course override form to get into a grad class as an undergrad?
override,How do I complete a course override into a graduate course?
override,How do I have a course override form signed to get into a grad class?
planofstudy,How do I fill out the Plan of Study form for the Accelerated BS-to-MS Program?
planofstudy,How do I fill out the Plan of Study form for the BS to MS program?
planofstudy,Where do I find the BS to MS Plan of Study form?
planofstudy,How do I complete the Plan of Study form for the Accelerated BS MS program?
planofstudy,How do I complete the BS to MS Plan of Study form?
planofstudy-update,How do I update the Plan of Study form for the Accelerated BS-to-MS Program?
planofstudy-update,How do I update the Plan of Study form for the BS to MS program?
planofstudy-update,Where do I update the BS to MS Plan of Study form?
planofstudy-update,How do I update the Plan of Study form for the Accelerated BS MS program?
planofstudy-update,How do I update the BS to MS Plan of Study form?
post-exam,What do I do once I pass the CS Foundation Exam?
post-exam,"Once I pass the Computer Science foundation, what are the next steps?"
post-exam,What are the next steps after passing the CS Foundation Exam?
post-exam,What do I do once I pass the Computer Science FE exam?
post-exam,"Once I pass the CS Foundation Exam, what do I do?"
requirements,What are the requirements for the computer science major?
requirements,What classes do I need to take in the computer science major?
requirements,What classes do I need to complete the CS major?
requirements,What courses are part of the CS major?
requirements,What are the required courses in the computer science major?
requirements,What are the requirements for the information technology major?
requirements,What classes do I need to take in the information technology major?
requirements,What classes do I need to complete the IT major?
requirements,What courses are part of the IT major?
requirements,What are the required courses in the information technology major?
requirements,What are the requirements for the computer science minor?
requirements,What classes do I need to take in the computer science minor?
requirements,What classes do I need to complete the CS minor?
requirements,What courses are part of the CS minor?
requirements,What are the required courses in the computer science minor?
requirements,What are the requirements for the information technology minor?
requirements,What classes do I need to take in the information technology minor?
requirements,What classes do I need to complete the IT minor?
requirements,What courses are part of the IT minor?
requirements,What are the required courses in the information technology minor?
sign-up,How do I sign up for the Accelerated BS-to-MS Program?
sign-up,How do I enroll in the BS-to-MS program?
sign-up,How do I sign up for the BS MS program?
sign-up,How do I get into the 5 Year BS-to-MS accelerated program?
sign-up,How do I sign up for the BS to MS accelerated program?
sign-up,How do I sign up for the CS Foundation Exam?
sign-up,How do I enroll in the CS Foundation Exam?
sign-up,What is the process to sign up for the Computer Science FE exam?
sign-up,What is the process to sign up for the Computer Science Foundation Exam?
sign-up,What do I have to do to sign up for the CS Foundation Exam?
sign-up,How do I sign up for a computer science minor?
sign-up,How do I enroll in the CS minor?
sign-up,What is the process to sign up to have a computer science minor?
sign-up,What is the process to sign up for the CS minor?
sign-up,What do I have to do to sign up for a computer science minor?
sign-up,How do I sign up for an information technology minor?
sign-up,How do I enroll in the IT minor?
sign-up,What is the process to sign up to have a information technology minor?
sign-up,What is the process to sign up for the IT minor?
sign-up,What do I have to do to sign up for a information technology minor?
sign-up,How do I sign up to take a transient course?
sign-up,How do I enroll in transient classes?
sign-up,I want to take a transiet class?
sign-up,How do I take a course with another university?
sign-up,How do I know if a transient course meets my degree requirements?
what-is,What is the Department of Computer Science?
what-is,What is the Department of CS?
what-is,What is the CS Department?
what-is,What is the Computer Science Department?
what-is,What is the CS Dept.?
what-is,What is the Accelerated BS-to-MS Program?
what-is,What is the BS-to-MS program?
what-is,What is the BS-MS program?
what-is,What is the BS to MS Accelerated Program?
what-is,What is the 5 Year BS to MS program?
what-is,What is the CS Foundation Exam?
what-is,What is the Computer Science Foundation Exam?
what-is,What is the Foundation Exam in the CS major?
what-is,What is the FE for Computer Science students?
what-is,What is the Computer Science FE?
what-is,What is the computer science major?
what-is,What is the CS major?
what-is,What does the CS major entail?
what-is,What does the computer science minor major?
what-is,Is there a computer science major?
what-is,What is the information technology major?
what-is,What is the IT major?
what-is,What does the IT major entail?
what-is,What does the information technology minor major?
what-is,Is there an information technology major?
what-is,What is the computer science minor?
what-is,What is the CS minor?
what-is,What does the CS minor entail?
what-is,What does the computer science minor entail?
what-is,Is there a computer science minor?
what-is,What is the information technology minor?
what-is,How many classes make up an IT minor?
what-is,How many credits do I need to have an information technology minor?
what-is,What is the number of credit hours in the IT minor?
what-is,How many courses does it take to get a minor in information technology?
where-is,Where is the CS Undergraduate Acadamic Advising Office?
where-is,Where is the Computer Science Advising Office?
where-is,Where is the CS office of advising?
where-is,Where can I find the CS Advising Office?
where-is,Where do I find the Computer Science Undergraduate Academic Advising Office?
who-is,Who is my undergraduate advisor?
who-is,Who is my advisor?
who-is,I don't know who my advisor is.
who-is,I don't know who my undergraduate advisor is.
who-is,How do I know who my advisor is?